Идентификатор ДЕ,ДЕ,Количество реплик,Позиция ДЕ в семинаре,Тип ДЕ,Характеристика реплики-стимула,Характеристика реплики-реакции,Наличие эллипсиса,Наличие синтаксического параллелизма,Конструктивные средства связи,Ключевые слова-маркеры,Микротема,Тип связи между стимулом и реакцией,Способ связи реплик,Наличие маркеров хезитации,Наличие вербальной компенсации невербального контакта,Наличие наложений или разрывов коммуникации,Функция в структуре семинара,Связь с макротемой семинара,Наличие связи с предыдущим ДЕ,Наличие связи с последующим ДЕ
1_1,"Да, спасибо. Всем добрый день,",2,начало,Директивное,побудительная,пояснение,нет,нет,лексический повтор,"давайте, пожалуйста начинайте",организация начала семинара и уточнение регламента,прямой,цепная,нет,нет,нет,организационная,открытие темы,нет,да
1_2,"Эмиль, спасибо большое за рассказ.",3,начало,Информативное,вопросная,ответ,нет,нет,"местоименная замена , лексический повтор","как они сложились?, скажите, пожалуйста; сейчас покажу",происхождение и принцип выделения трёх кластеров в сетевом анализе,прямой,цепная,да,нет,нет,объяснительная,развитие темы,да,да
1_3,"Нет, смотрите, у меня такой",2,начало,Информативное,вопросная,ответ,нет,нет,"лексический повтор , местоименная замена","какие характеристики?, на ваш взгляд; оранжевый – это, зеленым сложнее",характеристики оранжевого и зеленого кластеров,прямой,цепная,да,нет,нет,объяснительная,развитие темы,да,да
1_4,"Ну вот смотрите, можно тогда",2,начало,Обмен мнениями,повествовательная,уточнение,нет,нет,"лексический повтор , частица 'ну'","можно тогда сказать, наверное; проблема в том",интерпретация роли США и Франции в кластерах,прямой,цепная,да,нет,нет,объяснительная,развитие темы,да,да
1_5,"Ну, здесь, наверное, уже... Да-да,",3,начало,Информативное,повествовательная,вопрос,да,нет,"частица 'ну', лексический повтор",качественный анализ; может быть; после расчета метрики,способ определения цвета кластеров,прямой,цепная,да,нет,нет,контролирующая,развитие темы,да,да
1_6,"Окей, тогда да. Тогда здесь",2,начало,Обмен мнениями,повествовательная,развитие,нет,нет,"вводное 'тогда', лексический повтор","было бы здорово; в принципе, можно; например",предложение добавить динамический анализ и обсуждение роли Франции,прямой,цепная,да,нет,нет,объяснительная,развитие темы,да,да
1_7,"По-моему, Иван Александрович еще вопрос.",3,начало,Информативное,повествовательная с вопросами,ответ,нет,нет,"вопросно-ответная структура, лексический повтор","почему, какой вывод, незаменим; спасибо, интересно",обсуждение контринтуитивных выводов и незаменимости сетевого анализа,прямой,цепная,да,нет,нет,объяснительная,развитие темы,да,да
1_8,"Да, спасибо. Есть еще вопросы?",5,начало,Информативное,вопросная,ответ,нет,нет,"местоименная замена , лексический повтор","есть еще вопросы?, что там такое?; кто это?",уточнение о самой жирной стрелке на визуализации,прямой,цепная,да,нет,нет,контролирующая,развитие темы,да,да
1_9,"Эмиль, у меня еще есть",2,начало,Информативное,вопросная,ответ,нет,нет,"повтор вопросов, местоимения","правильно ли я понимаю?, почему, делали ли вы; да, да, да","обсуждение выбора типа взаимодействия, переменных модели и дескриптивной статистики",прямой,цепная,да,нет,нет,объяснительная,развитие темы,да,да
1_10,"Спасибо большое, Эмилия. У меня",3,середина,Обмен мнениями,повествовательная,развитие,нет,нет,"вводные слова, лексический повтор","стоит проверить, парадокс Лазарсфельда, я бы предложил","обсуждение методологических проблем: гетерогенность, экзогенные интерпретации, необходимость экспертной оценки",прямой,цепная,да,нет,нет,контролирующая,развитие темы,да,да
1_11,"Да, я согласен, но в",2,середина,Фатическое,повествовательная,фатическая,да,нет,"частицы, вводные слова","спасибо, пожалуйста, до скорых встреч","завершение семинара, прощание",прямой,цепная,да,нет,нет,фатическая,закрытие темы,да,нет
1_12,"Да, я согласен, но в",2,середина,Фатическое,повествовательная,фатическая,да,нет,"лексический повтор , частицы","спасибо, пожалуйста, до скорых встреч",завершение семинара и прощание,прямой,цепная,да,нет,нет,фатическая,закрытие темы,да,нет
2_1,"Так, вижу, что руки... Большое,",2,начало,Директивное,побудительная,согласие,да,нет,"лексический повтор , частица ну","давайте, пожалуй",предоставление слова и согласие записывать,прямой,цепная,да,нет,нет,организационная,открытие темы,нет,да
2_2,"У нас есть записи. Лен,",7,начало,Обмен мнениями,повествовательная,"ответ, согласие, благодарность",нет,нет,"лексический повтор , местоимения","я хочу отметить, я готов, можно ли считать, спасибо",обратная связь и советы по улучшению исследования командного взаимодействия,прямой,цепная,да,нет,нет,контролирующая,развитие темы,да,да
2_3,"Коллеги, а можно перед тем,",2,начало,Информативное,вопросная,ответ,нет,нет,"лексический повтор , вопрос-ответ","что имеется в виду?, глобально мысль такая",уточнение о разработке инструмента для сбора сетевых данных в организациях,прямой,цепная,да,нет,нет,объяснительная,развитие темы,да,да
2_4,"Я хотела спросить, знаете ли",4,начало,Информативное,вопросная,"ответ, согласие",да,нет,"местоименная замена , лексический повтор","знаете ли вы, может быть, стоит",обсуждение инструмента Polinold и возможности его аналогичной разработки,прямой,цепная,да,нет,нет,организационная,развитие темы,да,да
2_5,"Да, спасибо большое. По поводу",2,начало,Информативное,вопросная,ответ,нет,нет,"вопрос-ответ, лексический повтор","как вы получали, как превращали; я решила, получилось",методология анализа интервью,прямой,цепная,да,нет,нет,объяснительная,развитие темы,да,да
2_6,"Я прошу прощения, я просто,",2,начало,Обмен мнениями,повествовательная,"согласие, пояснение",нет,нет,"лексический повтор , частицы","не хватает структуризации, мне кажется, я согласна",критика отсутствия структуризации данных и предложения по улучшению классификации,прямой,цепная,да,нет,нет,контролирующая,развитие темы,да,да
2_7,И вот последний вопрос у,2,начало,Информативное,вопросная,ответ,нет,нет,"вопрос-ответ, лексический повтор","что за команды, вот суть, по поводу команд",тип команд в исследовании и отсутствие термина «командное взаимодействие» в бизнесе,прямой,цепная,да,нет,нет,объяснительная,развитие темы,да,да
2_8,"У меня, собственно, вопрос был",2,начало,Информативное,вопросная,ответ,нет,нет,"вопрос-ответ, лексический повтор","есть ли стимулы, вот руководитель, например","стимулы и контрстимулы к взаимодействию в командах, пример руководителя онлайн-школы",прямой,цепная,да,нет,нет,объяснительная,развитие темы,да,да
2_9,"Лена, я хотела еще спросить,",2,начало,Информативное,вопросная,ответ,нет,нет,"вопрос-ответ, лексический повтор","возникала ли эта тема, да, да, да",учёт поколенческих различий в командном взаимодействии,прямой,цепная,да,нет,нет,объяснительная,развитие темы,да,да
2_10,"Да, спасибо. Я вижу у",3,начало,Обмен мнениями,вопросная,ответ,нет,нет,лексический повтор,"нет ли ощущения, вопрос суперинтересный, мне видится",формирование команд путём обрезания связей и необходимость кейс-стади,прямой,цепная,да,нет,нет,объяснительная,развитие темы,да,да
2_11,"Это очень здорово, да, то",2,начало,Обмен мнениями,повествовательная,развитие,нет,нет,"лексический повтор , частицы","действительно метод, да, и здесь кстати",важность скорости исследований и учёта внешних трендов,прямой,цепная,да,нет,нет,объяснительная,развитие темы,да,да
2_12,У меня еще есть один,2,начало,Информативное,вопросная,ответ,нет,нет,"вопрос-ответ, лексический повтор","смотрели ли вы, наверное, действительно",заменяемость членов команды и разница между структурным и атмосферным подходами,прямой,цепная,да,нет,нет,объяснительная,развитие темы,да,да
2_13,Ещё один комментарий по поводу,3,середина,Обмен мнениями,повествовательная,"согласие, развитие",нет,нет,"лексический повтор , частицы","известная книга, мне кажется",пример кейс-стади в книге Ленсиони и возможность адаптации для российского контекста,прямой,цепная,да,нет,нет,объяснительная,развитие темы,да,да
2_14,"Спасибо большое. Да, вам большое",3,середина,Информативное,повествовательная,ответ,да,нет,вопрос-ответ,"есть ли доступ, да, есть контакты",наличие контактов для повторной коммуникации с респондентами,прямой,цепная,нет,нет,нет,контролирующая,развитие темы,да,да
2_15,"Я просто что подумал, что,",2,середина,Обмен мнениями,повествовательная,ответ,нет,нет,"лексический повтор , противопоставление","слабые места, есть ли способы, мне кажется",проблема субъективности формулировок в интервью и необходимость структурирования опросников,прямой,цепная,да,нет,нет,контролирующая,развитие темы,да,да
2_16,"Они открытые, эти вопросы? Да,",2,середина,Информативное,вопросная,ответ,нет,нет,вопрос-ответ,"открытые?, да, конечно; есть открытые вопросы",тип вопросов в гайде и нецелесообразность количественной обработки малой выборки,прямой,цепная,да,нет,нет,объяснительная,развитие темы,да,да
2_17,"наверное, ваше исследование должно послужить",8,середина,Оценочное,повествовательная,"согласие, благодарность",да,нет,лексический повтор,"спасибо, желаем успехов, надо эту нишу занимать",заключительная благодарность и пожелания,прямой,цепная,да,нет,нет,фатическая,закрытие темы,да,нет
3_1,Чтобы можно было по ходу,2,начало,Информативное,повествовательная,пояснение,нет,нет,лексический повтор,"как читать тексты, традиционный подход, я пользуюсь","обзор инструментов для чтения и редактирования академических текстов, типы литературных обзоров",прямой,цепная,да,нет,нет,объяснительная,развитие темы,нет,да
3_2,"Вот, теперь мы постепенно переходим",4,начало,Информативное,повествовательная,пояснение,нет,нет,лексический повтор,"переходим к Zotter, что такое Zotter, давайте перейдем",обзор функционала Zotero и особенностей оформления ГОСТ,прямой,цепная,да,нет,нет,объяснительная,развитие темы,да,да
3_3,Zotter... Решила немножечко подумать. Так.,3,начало,Фатическое,вопросная,ответ,нет,нет,вопрос-ответ,"видно?, да-да, тогда вы скачаете",проверка видимости экрана и начало инструкции по Zotero,прямой,цепная,да,да,нет,организационная,развитие темы,да,да
3_4,"на волшебную палочку здесь сверху,",2,начало,Информативное,побудительная,ответ,нет,нет,"лексический повтор, частицы","да, зависит",инструкция по работе с Zotero,прямой,цепная,да,нет,нет,объяснительная,развитие темы,да,да
3_5,попробуем ту же самую статью,8,начало,Информативное,вопросная,ответ,нет,нет,"вопрос-ответ, лексический повтор","виден браузер?, рискну предположить, смотрите",проверка видимости браузера и инструкция по работе с Zotero Connector,прямой,цепная,да,да,нет,объяснительная,развитие темы,да,да
3_6,Вот давайте мы вот это,16,начало,Информативное,повествовательная,"ответ, пояснение",нет,нет,"лексический повтор, частицы","давайте, можно сделать, попробуем",попытка вставки ссылки через Zotero в Google Docs и возникшие проблемы,прямой,цепная,да,нет,нет,объяснительная,развитие темы,да,да
3_7,"Я надеюсь, что вроде бы",6,начало,Информативное,повествовательная,вопрос,нет,нет,"вопрос-ответ, лексический повтор","вопрос от Александра, здравствуйте, спасибо",обсуждение детекции ИИ в текстах и ответ на вопрос о VOS Viewer,прямой,цепная,да,нет,нет,объяснительная,развитие темы,да,да
3_8,вопрос. Последний будет про где,7,середина,Информативное,вопросная,ответ,нет,нет,"вопрос-ответ, лексический повтор","где взять запись, как работаете, Яндекс.Переводчик",работа со статьями на иностранных языках и хранение переводов в Zotero,прямой,цепная,да,нет,нет,объяснительная,развитие темы,да,да
3_9,Спасибо. Пожалуйста. Есть ли еще,3,середина,Информативное,вопросная,ответ,нет,нет,"вопрос-ответ, лексический повтор","есть ли вопросы, лайфхаки, систематические обзоры",методы выявления противоречий в литературе и систематические обзоры,прямой,цепная,да,нет,нет,объяснительная,развитие темы,да,да
3_10,"Еще какие-то вопросы? Даша, посмотрите,",5,середина,Обмен мнениями,вопросная,"ответ, согласие",нет,нет,"лексический повтор, частицы","еще вопросы?, лайфхак, согласна",обсуждение дополнительных баз данных и планов проведения семинара,прямой,цепная,да,нет,нет,организационная,развитие темы,да,да
3_11,"Отлично. Иван Александрович, я вижу",6,середина,Обмен мнениями,повествовательная,вопрос,нет,нет,"лексический повтор, вопрос-ответ","противоречия, опыт, модель Лама",опыт выявления противоречий с помощью ИИ и модели Llama,прямой,цепная,да,нет,нет,объяснительная,развитие темы,да,да
3_12,"Ну что ж, коллеги, мне",2,середина,Оценочное,повествовательная,"оценка, благодарность",нет,нет,"лексический повтор , частицы","спасибо, успех, круто","завершение семинара, благодарность и оценка посещаемости",прямой,цепная,да,нет,нет,фатическая,закрытие темы,да,нет
4_1,"Да, Артур, спасибо большое. Я",2,начало,Информативное,вопросная,ответ,нет,нет,"вопрос-ответ, лексический повтор","были ли последствия, отличный вопрос",институциональные последствия исследований междиректората,прямой,цепная,да,нет,нет,объяснительная,развитие темы,нет,да
4_2,"Артур. Вопрос такой, то есть",2,начало,Информативное,вопросная,ответ,нет,нет,вопрос-ответ,"консенсус, оценивать неправильно",консенсус по интерпретации связей в сети,прямой,цепная,да,нет,нет,объяснительная,развитие темы,да,да
4_3,"Секундочку, секундочку, простите, пожалуйста, а",4,начало,Информативное,вопросная,ответ,нет,нет,"вопрос-ответ, лексический повтор","правильно ли я понимаю, нет, 59 журналов",уточнение количества журналов и редакторов в выборке,прямой,цепная,да,нет,нет,контролирующая,развитие темы,да,да
4_4,"Артур, я хотела вас попросить",4,начало,Информативное,вопросная,ответ,нет,нет,вопрос-ответ,"хищнические журналы, так обтекаемо скажу",включение хищнических журналов в выборку и норма редакторов,прямой,цепная,да,нет,нет,объяснительная,развитие темы,да,да
4_5,"Артур, да. У меня вопрос",2,начало,Информативное,вопросная,ответ,нет,нет,вопрос-ответ,"вы проверяли, исключительно гипотеза",связь объёма аннотации с её структурой и вопросы устойчивости кластеризации,прямой,цепная,да,нет,нет,объяснительная,развитие темы,да,да
4_6,Можно еще секундочку? Вот на,4,начало,Информативное,вопросная,ответ,нет,нет,вопрос-ответ,"это действительно так, это так","количество редакторов, связанных с одним журналом",прямой,цепная,да,нет,нет,контролирующая,развитие темы,да,да
4_7,"Да, Артур, у меня вопрос.",3,начало,Информативное,вопросная,ответ,нет,нет,вопрос-ответ,"почему Лувин, нет хорошего ответа",выбор алгоритма кластеризации Louvain,прямой,цепная,да,нет,нет,объяснительная,развитие темы,да,да
4_8,"Я так понимаю, что цвет",3,начало,Информативное,повествовательная,"согласие, пояснение",нет,нет,лексический повтор,"я так понимаю, но при этом",связь цвета сообществ с аннотациями,прямой,цепная,да,нет,нет,объяснительная,развитие темы,да,да
4_9,А вот на предыдущих слайдах,2,середина,Обмен мнениями,повествовательная,ответ,нет,нет,лексический повтор,"об одних и тех же кластерах, да, то есть",интерпретация трёх кластеров и тематического моделирования,прямой,цепная,да,нет,нет,объяснительная,развитие темы,да,да
4_10,"Артур, спасибо вам огромное. Все,",7,середина,Директивное,вопросная,ответ,нет,нет,вопрос-ответ,"вопросы есть, спасибо, планируете ли",вопросы о динамике редакторов и визуализации редактор-центричной сети,прямой,цепная,да,нет,нет,контролирующая,развитие темы,да,да
4_11,"Звук включить, пожалуйста. Мы с",7,середина,Фатическое,повествовательная,"согласие, развитие",нет,нет,лексический повтор,"звук включить, хочу поддержать, спасибо",технические проблемы и обсуждение типологии журналов,прямой,цепная,да,да,да,организационная,развитие темы,да,да
4_12,"Спасибо большое. Коллеги, еще вопросы?",4,середина,Обмен мнениями,вопросная,"пояснение, уточнение, ответ, согласие, пояснение",нет,нет,"лексический повтор, частицы","еще вопросы?, я хотела бы продолжить, спасибо за комментарий",обсуждение возможных продолжений исследования,прямой,цепная,да,нет,нет,объяснительная,развитие темы,да,да
4_13,"коллеги, спасибо, Артур. Спасибо",9,середина,Обмен мнениями,повествовательная,"ответ, пояснение, согласие, уточнение, пояснение",нет,нет,"лексический повтор, местоименная замена","спасибо, идея, спасибо за комментарий",обсуждение методологии кластерного анализа и нормализации весов,прямой,цепная,да,нет,нет,объяснительная,развитие темы,да,да
4_14,"Ну да, мне кажется, главный",12,конец,Фатическое,повествовательная,"ответ, согласие, пояснение, уточнение, ответ",да,нет,"лексический повтор, частицы","главный пойнт, поделитесь опытом, сложилось впечатление",природа связей в редакторских сетях и необходимость лонгитюдных данных,прямой,цепная,да,нет,нет,фатическая,закрытие темы,да,нет
5_1,"Пробую. Переключаются слайды, да?",4,начало,Фатическое,вопросная,вопрос,да,нет,"лексический повтор, частицы","переключаются слайды, перезайти",техническая проблема с переключением слайдов,прямой,цепная,да,нет,нет,организационная,открытие темы,нет,да
5_2,"Да, всем доброго дня еще",4,начало,Фатическое,повествовательная,"фатическая, пояснение",да,нет,"частицы, лексический повтор","доброго дня, странно ведет, выпал, подождем",технические проблемы с Zoom и потеря докладчика,прямой,цепная,да,нет,да,организационная,открытие темы,да,да
5_3,"может быть, тогда запись остановить",2,начало,Директивное,побудительная,согласие,да,нет,лексический повтор,"запись остановить, да-да-да",предложение остановить запись из-за проблем,прямой,цепная,нет,нет,нет,организационная,открытие темы,да,да
5_4,"все лучше, да, теперь?",3,начало,Фатическое,вопросная,"ответ, согласие",да,нет,"лексический повтор, частицы","лучше, теперь, отлично, давайте заново начну",проверка качества связи и перезапуск,прямой,цепная,нет,да,нет,организационная,открытие темы,да,да
5_5,"в принципе, у нас свободный",2,начало,Фатическое,повествовательная,согласие,нет,нет,лексический повтор,"свободный разговор, задают вопросы, хорошо, спасибо, давайте начнем",регламент вопросов и начало доклада,прямой,цепная,да,нет,нет,организационная,открытие темы,да,да
5_6,"Андрей, я прошу прощения, а",2,начало,Информативное,вопросная,"ответ, пояснение",нет,нет,"вопросно-ответная структура, лексический повтор","вы сейчас слайды показываете, я его уберу, идея возникла",объяснение методологии генерации групп и индекса ментального благополучия,прямой,цепная,да,нет,нет,объяснительная,развитие темы,да,да
5_7,"да, спасибо, Андрей. Вот я",2,начало,Информативное,вопросная,ответ,нет,нет,лексический повтор,"правильно ли я понял, идея в том, стандартный замер",уточнение про генерацию групп и сравнение с медицинским анализом крови,прямой,цепная,да,нет,нет,объяснительная,развитие темы,да,да
5_8,"Да, спасибо. На самом деле",2,начало,Информативное,повествовательная,ответ,нет,нет,лексический повтор,"диаграммы выше, переход к тепловой карте, мы выделяем набор комбинаций",объяснение построения тепловой карты и подсчёта индекса для подгрупп,прямой,цепная,да,нет,нет,объяснительная,развитие темы,да,да
5_9,"Все, да, вот теперь, кажется,",3,начало,Информативное,вопросная,ответ,да,нет,"вопрос-ответ, лексический повтор","очень короткий вопрос про сам индекс, как-то взвешен, среднее арифметическое",вопрос о взвешивании вопросов в индексе и структура индекса,прямой,цепная,да,нет,нет,объяснительная,развитие темы,да,да
5_10,"А вот размер вот этот,",2,начало,Информативное,вопросная,ответ,нет,нет,вопрос-ответ,"размер как-то связан с числом вопросов, нет, каждая первичная переменная считается по одному вопросу",связь размера сектора на диаграмме с количеством вопросов,прямой,цепная,да,нет,нет,объяснительная,развитие темы,да,да
5_11,"Спасибо большое. Коллеги, может быть,",2,начало,Директивное,побудительная,согласие,да,нет,частицы,"еще вопросы, давайте идем дальше",переход к следующей части доклада,прямой,цепная,нет,нет,нет,организационная,развитие темы,да,да
5_12,"Коллеги, может быть, есть вопросы?",4,начало,Обмен мнениями,повествовательная,"ответ, пояснение, согласие",да,нет,"лексический повтор, частицы","очень гибкий, пример работы, процесс идет, закрытая история",обсуждение гибкости инструментария и отсутствия открытых примеров,прямой,цепная,да,нет,нет,объяснительная,развитие темы,да,да
5_13,"В целом, да, ответили. Очень",5,начало,Информативное,вопросная,"ответ, уточнение",нет,нет,"лексический повтор, вопрос-ответ","дискриминационная практика, лучше всего живется мужчинам, реальные данные по России",обсуждение возрастных и гендерных различий в индексе по данным РФ,прямой,цепная,да,нет,нет,объяснительная,развитие темы,да,да
5_14,подскажите еще вот к вопросу,2,начало,Информативное,вопросная,ответ,нет,нет,"вопрос-ответ, лексический повтор","серые квадратики, нет данных, количество респондентов меньше 25, порог",обозначение отсутствия данных и порог выборки,прямой,цепная,да,нет,нет,объяснительная,развитие темы,да,да
5_15,"Большое спасибо. Надеюсь, что вам",4,середина,Информативное,вопросная,"ответ, пояснение",нет,нет,"лексический повтор, частицы","численность команды, агенты, архитектор, кодер, отладчик, ревьюер",описание multi-agent системы для написания кода и пример с Кими,прямой,цепная,да,нет,да,объяснительная,развитие темы,да,да
5_16,"Да, Андрей, спасибо огромное. Надеюсь,",3,середина,Информативное,вопросная,ответ,нет,нет,вопрос-ответ,"решение кастомное под индустриальных заказчиков, внутренняя система, интерактивные файлы",перспективы развития инструментария и формат предоставления результатов,прямой,цепная,да,нет,нет,объяснительная,развитие темы,да,да
5_17,"Спасибо. Спасибо. Коллеги, пожалуйста, еще",2,середина,Информативное,вопросная,ответ,нет,нет,"вопрос-ответ, лексический повтор","неудовлетворительная работа, минусы, зоны некомпетентности, граничные случаи",проблемы и ограничения при работе с ИИ-агентами,прямой,цепная,да,нет,нет,объяснительная,развитие темы,да,да
5_18,Коллеги?,3,середина,Информативное,вопросная,ответ,да,нет,вопрос-ответ,"не страшно ли передавать данные, конфиденциальность, скрипты локально, SLA, NDA",вопрос о безопасности и конфиденциальности данных при использовании ИИ,прямой,цепная,да,нет,нет,объяснительная,развитие темы,да,да
5_19,"Ну да, да, согласен.",3,середина,Обмен мнениями,повествовательная,"согласие, пояснение, развитие",нет,нет,"лексический повтор, частицы","экономия человека-часов, фазовый переход, интеллектуальный ресурс, буст аналитика",ценность подхода: экономия ресурсов и расширение возможностей аналитика,прямой,цепная,да,нет,нет,обмен мнениями,развитие темы,да,да
5_20,"Да, я хочу... Спасибо. Да,",3,середина,Оценочное,повествовательная,"оценка, согласие, благодарность",да,нет,лексический повтор,"аналитику глубже, экстремальные ситуации, границы экспертности",обсуждение глубины аналитики и границ экспертизы,прямой,цепная,да,нет,нет,оценочная,развитие темы,да,да
6_1,"Да, коллеги, всем добрый день.",2,начало,Директивное,побудительная,согласие,нет,нет,лексический повтор,"добрый день, можете начинать, здравствуйте, коллеги",начало семинара и представление докладчика,прямой,цепная,нет,нет,нет,организационная,открытие темы,нет,да
6_2,"На всякий случай, про болтанские",2,начало,Информативное,вопросная,ответ,да,нет,лексический повтор,"отступление, можно, да, я думаю","уточнение, нужно ли делать отступление по теории градов",прямой,цепная,да,нет,нет,организационная,открытие темы,да,да
6_3,"Стало ли понятнее? Да, прекрасно.",2,начало,Информативное,вопросная,"ответ, оценка",да,нет,"лексический повтор, частицы","стало ли понятнее, да, прекрасно, спасибо",проверка понимания после объяснения теории градов,прямой,цепная,нет,да,нет,контролирующая,развитие темы,да,да
6_4,"Марина, большое спасибо за ваш",1,начало,Директивное,побудительная,,да,нет,нет,"спасибо, вопросы, уточняющие вопросы",приглашение задавать вопросы,прямой,,нет,нет,нет,организационная,развитие темы,да,да
6_5,На самом деле я хочу,2,начало,Оценочное,повествовательная,"оценка, пояснение",нет,нет,"лексический повтор, местоименная замена","спасибо большое, прагматический подход, режимы вовлеченности, концепт ситуации",вопрос о параметре ситуации и его недооценке в социологии,прямой,цепная,да,нет,нет,объяснительная,развитие темы,да,да
6_6,"Да, я понял.",3,начало,Обмен мнениями,повествовательная,"согласие, пояснение",да,нет,"лексический повтор, частицы","отмечаю важность ситуации, зарубежные исследования, отправила рецензенту",сложности с включением Гоффмана и отсылка к новой статье,прямой,цепная,да,нет,нет,объяснительная,развитие темы,да,да
6_7,Я бы тоже хотела продолжить,2,середина,Информативное,вопросная,ответ,нет,нет,"лексический повтор, вопрос-ответ","отделили ли респондентов, разные исследования, включённое наблюдение, контент-анализ",уточнение о характеристиках респондентов и разных исследовательских этапах,прямой,цепная,да,нет,нет,объяснительная,развитие темы,да,да
6_8,То есть в каждой из,2,середина,Информативное,вопросная,ответ,нет,нет,"лексический повтор, местоименная замена","в каждой из работ, все равно какие-то характеристики учитывали, отдавала себе отчет, источники разделены",учет характеристик респондентов и разделение источников по типам,прямой,цепная,да,нет,нет,объяснительная,развитие темы,да,да
6_9,"Да, отлично. Я почему-то ещё",2,середина,Информативное,повествовательная,ответ,нет,нет,лексический повтор,"отличным продолжением, распределения по градам, в диссертации это показано, компромисс устойчив",сравнение распределения градов в разных источниках и устойчивость компромисса,прямой,цепная,да,нет,нет,объяснительная,развитие темы,да,да
6_10,"Интересно, да. Передам слово Ивану",6,середина,Информативное,повествовательная,"ответ, уточнение, пояснение",да,нет,"лексический повтор, частицы","правильно ли я понял, может доминировать один град, доминирование остается, процентное распределение смещается",уточнение о доминировании разных градов в открытых и закрытых источниках,прямой,цепная,да,нет,нет,объяснительная,развитие темы,да,да
6_11,"Да, коллеги пока думают, я",2,середина,Информативное,вопросная,ответ,нет,нет,"вопрос-ответ, лексический повтор","анализ отзывов, семантический анализ, контент-анализ, логика внутри текста",методика анализа отзывов,прямой,цепная,да,нет,нет,объяснительная,развитие темы,да,да
6_12,"Я бы, Наталья, я бы",3,середина,Информативное,вопросная,"ответ, пояснение",нет,нет,лексический повтор,"ручное осевое кодирование, это не машина, да, общеупотребимая техника, устоявшаяся методология",уточнение метода анализа и воспроизводимости методологии,прямой,цепная,да,нет,нет,объяснительная,развитие темы,да,да
6_13,"Так, давайте опять разведём, значит,",6,середина,Информативное,повествовательная,вопрос,да,нет,"лексический повтор, частицы","дискурс-анализ по теории градов, патриархальный мир, определенные характеристики, методология к этой схеме",демонстрация схемы анализа по теории градов и уточнение методологии,прямой,цепная,да,нет,нет,объяснительная,развитие темы,да,да
6_14,"Давайте я немножечко... Да, сейчас",1,середина,Информативное,повествовательная,,да,нет,нет,"сеть, субъект репутации, атрибуты, агенты сети, пример с хирургом",развернутый монолог о сетевой структуре репутации с примером про хирурга,,,да,нет,нет,объяснительная,развитие темы,да,да
6_15,"Да, я поняла очень красный",2,середина,Информативное,повествовательная,ответ,нет,нет,лексический повтор,"что является связью в этой сети, совстречаемость характеристик, в рамках ситуации",определение связи в репутационной сети,прямой,цепная,да,нет,нет,объяснительная,развитие темы,да,да
6_16,"Да, спасибо, Марина. Коллеги, если",4,середина,Информативное,вопросная,ответ,да,нет,"вопрос-ответ, лексический повтор","перейти от теории градов к теории социального капитала, ресурс человека, описывает, объясняет, теория сигналов","соотношение теории градов и теории социального капитала, теория сигналов MIT",прямой,цепная,да,нет,нет,объяснительная,развитие темы,да,да
6_17,"Это здорово, да. Иван Александрович,",4,середина,Обмен мнениями,повествовательная,"согласие, пояснение, развитие",да,нет,"лексический повтор, частицы","теория сигналов, социальный капитал, ситуация, запрос, золотая цепь",различие между репутацией в теории градов и социальном капитале,прямой,цепная,да,нет,нет,обмен мнениями,развитие темы,да,да
6_18,"Да, спасибо большое за уточнение.",6,середина,Обмен мнениями,повествовательная,"согласие, пояснение",нет,нет,"лексический повтор, частицы","диагностическая возможность, инструмент, на врачах и на коучах, внутри корпоративные проблемы, ценностное совпадение",применимость подхода к разным сообществам и примеры из практики,прямой,цепная,да,нет,нет,объяснительная,развитие темы,да,да
6_19,Вот. И я еще тогда,2,середина,Оценочное,повествовательная,"оценка, согласие",нет,нет,лексический повтор,"модель информационных ожиданий, подрихтовали интонацию, 12 тысяч охватов, классно, спасибо",практический пример использования подхода для увеличения охватов,прямой,цепная,да,нет,нет,оценочная,развитие темы,да,да
6_20,Ну вот я недавно только,3,конец,Обмен мнениями,повествовательная,согласие,нет,нет,"лексический повтор, частицы","ситуация с Гоффманом, темы на которые говорить не принято, редакционная политика, спасибо за поддержку",трудности с публикацией материалов о Гоффмане и поддержка коллеги,прямой,цепная,да,нет,нет,обмен мнениями,закрытие темы,да,да
6_21,"Ну что, коллеги, мы уже,",4,конец,Оценочное,повествовательная,"согласие, благодарность",да,нет,лексический повтор,"завершать сегодня, спасибо огромное, хорошего дня, всего доброго, до свидания","завершение семинара, благодарности и прощание",прямой,цепная,да,нет,нет,фатическая,закрытие темы,да,нет
7_1,"Спасибо большое. Коллеги, можете писать",2,начало,Директивное,побудительная,согласие,да,нет,лексический повтор,"писать вопросы в чат, задавать напрямую, я готов высказаться, пожалуйста",приглашение задавать вопросы,прямой,цепная,нет,нет,нет,организационная,открытие темы,нет,да
7_2,"На самом деле... Так, сейчас,",5,начало,Оценочное,повествовательная,"ответ, пояснение, согласие",нет,нет,"лексический повтор, частицы","очень классное исследование, ограниченные возможности, исследование ad hoc, экспериментальный дизайн, кабинетка, тимминг Эдмонсон",критика и предложения по улучшению дизайна исследования командной эффективности,прямой,цепная,да,нет,нет,контролирующая,развитие темы,да,да
7_3,"У вас есть рука, и",2,начало,Директивное,вопросная,ответ,да,нет,лексический повтор,"рука была первая, давайте Ирине слово, спасибо большое, студенты из двух организаций",передача вопроса Ирине: были ли студенты из двух организаций,прямой,цепная,да,нет,нет,организационная,развитие темы,да,да
7_4,"Скажите, пожалуйста, так получается, что",2,начало,Информативное,вопросная,ответ,нет,нет,вопрос-ответ,"студенты из двух организаций, УРФУ, Новосибирск, единый дизайн исследования заново","уточнение: студенты из УРФУ, данные из Новосибирска не стыкуются",прямой,цепная,да,нет,нет,объяснительная,развитие темы,да,да
7_5,"Отработанный пилот, а потом уже",4,начало,Информативное,вопросная,ответ,нет,нет,лексический повтор,"понимали, что о них собирают данные, стрессовый фактор, мобилизует угроза, штурмовщина",влияние осознания сбора данных и угрозы на эффективность,прямой,цепная,да,нет,нет,объяснительная,развитие темы,да,да
7_6,"Да, смотрите, я просто почему",2,начало,Информативное,вопросная,ответ,нет,нет,лексический повтор,"эффективная команда для разных стейкхолдеров, студенческие проекты vs бизнес, группа vs команда, жизненный цикл","различие понятий эффективной команды, группы и команды, жизненный цикл",прямой,цепная,да,нет,нет,объяснительная,развитие темы,да,да
7_7,"я просто к тому, что,",2,начало,Информативное,повествовательная,пояснение,нет,нет,"лексический повтор, частицы","злоупотребление термином команда, Эдмонтон, не все группы должны быть командой","комментарий о различии группы и команды, отсылка к Эми Эдмонсон",прямой,цепная,да,нет,нет,объяснительная,развитие темы,да,да
7_8,"Да, и, кстати, я еще",2,начало,Обмен мнениями,повествовательная,"ответ, развитие",нет,нет,лексический повтор,"проект Аристотеля, надежность, структура и ясность, значение и влияние, механизм влияния сверху",факторы эффективности из проекта Аристотеля и роль внешнего задания,прямой,цепная,да,нет,нет,объяснительная,развитие темы,да,да
7_9,"Да, и вот это вот,",3,начало,Обмен мнениями,повествовательная,"согласие, развитие",да,нет,лексический повтор,"проблема alignment, выравнивание целей и ожиданий, доверие, недоверие",связь выравнивания целей с доверием и недоверием,прямой,цепная,да,нет,нет,объяснительная,развитие темы,да,да
7_10,"Анна, но у этих студентов",2,начало,Информативное,вопросная,ответ,да,нет,"лексический повтор, вопрос-ответ","телодвижений по командообразованию не было, вопрос Ильи Петрова, ранжирование, выборы",ответ на вопрос о внешних командообразующих мероприятиях и о вопросах про сокомандников,прямой,цепная,да,нет,нет,объяснительная,развитие темы,да,да
7_11,"Анна, простите, я хочу подчеркнуть.",1,начало,Обмен мнениями,повествовательная,,да,нет,нет,"командные роли, локус ответственности, интерналы-экстерналы",рекомендация использовать локус ответственности вместо индивидуализм-коллективизм,,,да,нет,нет,обмен мнениями,развитие темы,да,да
7_12,"Да, спасибо большое. Анна, у",2,середина,Информативное,вопросная,ответ,нет,нет,вопрос-ответ,"санкции в случае недостижения, оценка, взаимная оценка студентов, куратор, экспертная оценка",система оценивания студентов,прямой,цепная,да,нет,нет,объяснительная,развитие темы,да,да
7_13,"50% это оценка твоих peers,",2,середина,Информативное,повествовательная,пояснение,да,нет,лексический повтор,"оценка peers, внешний заказчик, механика с коэффициентом, мстительность",детали системы оценивания,прямой,цепная,да,нет,нет,объяснительная,развитие темы,да,да
7_14,"Анна, скажите, пожалуйста, а студентам",3,середина,Информативное,вопросная,"ответ, пояснение",нет,нет,"вопрос-ответ, лексический повтор","известна была механика, рассказывается, не запоминают, реинтерпретируют правило, уловки",осведомленность студентов о правилах оценивания и их реинтерпретация,прямой,цепная,да,нет,нет,объяснительная,развитие темы,да,да
7_15,"Да, именно так. Причем одна",1,середина,Обмен мнениями,повествовательная,,да,нет,нет,"стратегии обхода, регулярно выставляют оценки, команда которая не отмечалась, инвестирование","разные типы команд: соблюдающие дедлайны vs делающие интересное, проблема честности оценки",,,да,нет,нет,объяснительная,развитие темы,да,да
7_16,"Анна, а у вас есть",3,середина,Информативное,вопросная,ответ,нет,нет,вопрос-ответ,"доступ к этим оценкам, внутригрупповое оценивание, закономерности не нашла, выборка маленькая",вопрос о сопоставлении оценок с коллективистами/индивидуалистами и малая выборка,прямой,цепная,да,нет,нет,объяснительная,развитие темы,да,да
7_17,"Анна, у меня тоже еще",2,середина,Информативное,вопросная,ответ,нет,нет,вопрос-ответ,"сетевые исследователи, метрики, структура группы, центральность, лидеры",предложение использовать сетевые метрики для выявления лидеров и влияния на результат,прямой,цепная,да,нет,нет,объяснительная,развитие темы,да,да
7_18,Я бы не стал им,5,середина,Обмен мнениями,повествовательная,"ответ, пояснение, согласие",да,нет,лексический повтор,"опыт успешного взаимодействия, фундаментальная ошибка атрибуции, параметры ситуации, ситуационный анализ",важность опыта и ситуационного анализа вместо приписывания лидерских качеств,прямой,цепная,да,нет,нет,обмен мнениями,развитие темы,да,да
7_19,"Анна, еще такой вопрос. А",4,середина,Информативное,вопросная,ответ,нет,нет,вопрос-ответ,"вы видели представления других команд, почему заняли первое место, эффективность сложная тема, систематический подход, аккуратность с гипотезами",причины победы в хакатоне: систематический подход и аккуратность с гипотезами,прямой,цепная,да,нет,нет,объяснительная,развитие темы,да,да
7_20,"Я продолжу мысль, то, что",3,середина,Обмен мнениями,повествовательная,"согласие, развитие, пояснение",да,нет,лексический повтор,"российский контекст, особенности российской системы управления, иностранные студенты, инаковость, конфликт норм",российский контекст управления проектами и влияние инаковости на эффективность,прямой,цепная,да,нет,нет,обмен мнениями,развитие темы,да,да
7_21,"Спасибо, Анна, большое. Очень интересный",1,середина,Фатическое,повествовательная,,да,нет,нет,"интересный семинар, работа в группе и командах, останавливать",заключительный комментарий о семинаре и предложение завершить,,,да,нет,нет,фатическая,развитие темы,да,да
8_1,"Дорогие коллеги, всем добрый день.",2,начало,Оценочное,повествовательная,"оценка, согласие",нет,нет,лексический повтор,"начинаем новый академический год, приглашенный доклад, спасибо большое, честь выступить","открытие семинара, представление докладчика и соавторов",прямой,цепная,нет,нет,нет,организационная,открытие темы,нет,да
8_2,"Данил, спасибо большое. Коллеги, пожалуйста,",1,начало,Директивное,побудительная,,да,нет,нет,"задавайте свои вопросы, написать в чате, включиться",приглашение задавать вопросы после доклада,,,нет,нет,нет,организационная,развитие темы,да,да
8_3,"Данил, здравствуйте. У меня такой",2,начало,Информативное,вопросная,ответ,нет,нет,вопрос-ответ,"уязвимые страны к зерновым культурам, гуманитарная помощь, кейс Пакистан, не учитывали",вопрос о влиянии гуманитарной помощи на уязвимость стран,прямой,цепная,да,нет,нет,объяснительная,развитие темы,да,да
8_4,"И еще такой вопрос, но",2,начало,Информативное,вопросная,ответ,нет,нет,вопрос-ответ,"паттерн стремления к нейтральности, статус-кво, динамике, спасибо за предложение",вопрос о паттернах изменения импорта зерновых и предложение рассмотреть динамику,прямой,цепная,да,нет,нет,объяснительная,развитие темы,да,да
8_5,"Спасибо, Константин, за вопросы. Наталья,",2,начало,Директивное,вопросная,уточнение,да,нет,лексический повтор,"норму потребления для разных стран брали одинаковую, широкой трактовки углеводов, корреляция метрик центральности с долей зависимости","серия уточняющих вопросов: норма потребления, трактовка углеводов, корреляция с долей импорта, учет веса связей",прямой,цепная,да,нет,нет,контролирующая,развитие темы,да,да
8_6,"за вопросы, очень интересные вопросы",3,начало,Информативное,вопросная,ответ,нет,нет,вопрос-ответ,"нормы потребления, упрощение модели, индекс Джинни, в среднем 47,45 углеводов","ответ о норме потребления: упрощение модели, планы добавить индекс Джинни",прямой,цепная,да,нет,нет,объяснительная,развитие темы,да,да
8_7,Про углеводы. Почему так широко,2,начало,Информативное,вопросная,ответ,нет,нет,вопрос-ответ,"широко обозначили углеводами, для упрощения, тестовая модель, зерновые культуры как основной источник","ответ о выборе углеводов: упрощение, тестовая модель, дальнейшее развитие на калории",прямой,цепная,да,нет,нет,объяснительная,развитие темы,да,да
8_8,Можно здесь небольшую ремарку? Просто,3,начало,Обмен мнениями,повествовательная,"согласие, пояснение",нет,нет,лексический повтор,"по нормативу по колоражу, демографические пирамиды, разумно, спасибо, записал себе",ремарка о целесообразности смотреть на колораж с учётом демографии,прямой,цепная,да,нет,нет,обмен мнениями,развитие темы,да,да
8_9,У меня третий вопрос сейчас.,3,начало,Информативное,вопросная,"ответ, пояснение",нет,нет,вопрос-ответ,"индексы центральности с долей зависимости, не сравнивали, злой рецензент, бинарно, превышает квоту",вопрос о корреляции индексов с долей импорта и учёт весов связей,прямой,цепная,да,нет,нет,объяснительная,развитие темы,да,да
8_10,"При подсчете индекса ключевого участника,",2,начало,Информативное,вопросная,"ответ, пояснение",нет,нет,лексический повтор,"значение ребер учитывается в неявном состоянии, некорректные выводы, новый индекс центральности",объяснение бинарного учёта весов и планы разработки нового индекса,прямой,цепная,да,нет,нет,объяснительная,развитие темы,да,да
8_11,Мы смотрим на... Отношение к,5,начало,Информативное,вопросная,ответ,да,нет,вопрос-ответ,"квота на редкоземельные металлы, отношение к ВВП, нормировка на ВВП, прокси платежеспособности",объяснение нормировки на ВВП как прокси платежеспособности,прямой,цепная,да,нет,нет,объяснительная,развитие темы,да,да
8_12,"Хорошо, поняла, спасибо большое. Спасибо",2,начало,Обмен мнениями,повествовательная,"оценка, благодарность",да,нет,лексический повтор,"спасибо большое, потрясающий вопрос, на конференциях меньше полезного",благодарность за вопросы и признание их полезности,прямой,цепная,нет,нет,нет,оценочная,развитие темы,да,да
8_13,"Вам спасибо. Очень полезно. Коллеги,",2,начало,Оценочное,вопросная,ответ,нет,нет,вопрос-ответ,"наводнение в Пакистане, минусовой показатель, гуманитарная помощь, коллаборации",вопрос об учёте гуманитарной помощи и внешних факторов в прогнозах,прямой,цепная,да,нет,нет,объяснительная,развитие темы,да,да
8_14,"Ага, коллаборации. Здорово, понятно, спасибо.",2,начало,Информативное,вопросная,ответ,нет,нет,лексический повтор,"на каких датасетах пробовали индексы, сектора экономики, Carvalho, сеть поставок между секторами",вопрос о других датасетах и ответ о секторах экономики,прямой,цепная,да,нет,нет,объяснительная,развитие темы,да,да
8_15,"Ну да, то есть тут",5,середина,Оценочное,повествовательная,"оценка, благодарность, согласие",нет,нет,лексический повтор,"глобальный взгляд на экономику, невидимые связи, очень много вопросов возникает, структурированная работа","обсуждение глобального взгляда и ценности сетевого анализа, завершение дискуссии",прямой,цепная,да,нет,нет,оценочная,развитие темы,да,да
9_1,"Михаил, пожалуйста, передаю вам слово.",2,начало,Директивное,побудительная,благодарность,да,нет,лексический повтор,"передаю слово, спасибо большое",передача слова докладчику,прямой,цепная,нет,нет,нет,организационная,открытие темы,нет,да
9_2,"Скажите, когда будет видно, пожалуйста.",3,начало,Фатическое,вопросная,"ответ, согласие",да,нет,лексический повтор,"когда будет видно, так, видно, да, видно",проверка видимости экрана,прямой,цепная,нет,да,нет,организационная,открытие темы,да,да
9_3,Давайте сейчас я переключусь на,3,начало,Фатическое,повествовательная,"ответ, согласие",да,нет,лексический повтор,"переключусь на R, видно, да, видно",проверка видимости после переключения на R,прямой,цепная,нет,да,нет,организационная,открытие темы,да,да
9_4,"Спасибо большое, Михаил. Коллеги, пожалуйста,",2,начало,Информативное,вопросная,ответ,нет,нет,вопрос-ответ,"проблемы с данными, дублирование, глазками просматривать, воспроизводимость, кабинетка",вопрос о методах проверки качества данных и ответ о воспроизводимости и целях,прямой,цепная,да,нет,нет,объяснительная,развитие темы,да,да
9_5,"Спасибо большое. Спасибо, Михаил. У",1,начало,Директивное,побудительная,,да,нет,нет,"у Натальи есть вопрос, пожалуйста",передача вопроса Наталье,,,нет,нет,нет,организационная,развитие темы,да,да
9_6,"Спасибо большое, Михаил, спасибо большое",2,начало,Информативное,вопросная,ответ,нет,нет,лексический повтор,"систематизированная информация по ошибкам OpenAlex, представленность гуманитарных дисциплин, альтернатива Web of Science",вопрос о систематизированных данных об ошибках OpenAlex и его пригодности для гуманитарных наук,прямой,цепная,да,нет,нет,объяснительная,развитие темы,да,да
9_7,"Да, точно согласна. Спасибо большое,",3,начало,Обмен мнениями,повествовательная,"согласие, пояснение",да,нет,лексический повтор,"интересное поле для исследований, западные исследователи используют OpenAlex, тренд на открытую науку",подтверждение важности изучения OpenAlex и тренда на открытую науку,прямой,цепная,да,нет,нет,обмен мнениями,развитие темы,да,да
9_8,"Да, надо еще подробнее провести",2,начало,Информативное,вопросная,ответ,нет,нет,вопрос-ответ,"насколько OpenAlex подходит для данных российских авторов, время на обработку, журнал представлен в мировом сообществе",вопрос о пригодности OpenAlex для российских авторов и ответ о необходимости предобработки,прямой,цепная,да,нет,нет,объяснительная,развитие темы,да,да
9_9,"Да, но тут надо сказать,",2,начало,Обмен мнениями,повествовательная,,,,лексический повтор,"предобработка данных, исчислялось в месяцах, проблемы будут, перекладывает ответственность на исследователя",комментарий о длительности предобработки и ответственности исследователя,прямой,цепная,да,нет,нет,обмен мнениями,развитие темы,да,да
9_10,"Спасибо, Михаил, большое. Коллеги, есть",4,начало,Фатическое,повествовательная,"согласие, пояснение",да,нет,лексический повтор,"пожелание продолжать работу, заполнить гап, спасибо, завершить семинар","завершение семинара, пожелания докладчику",прямой,цепная,да,нет,нет,фатическая,закрытие темы,да,нет
10_1,"Так, ну, да, я вот",2,начало,Директивное,повествовательная,согласие,нет,нет,лексический повтор,"сегодня с докладом выступит Оксана Юрьевна Бондаренко, подскажите как лучше с вопросами, можно и по ходу и по окончании",открытие семинара и согласование формата вопросов,прямой,цепная,да,нет,нет,организационная,открытие темы,да,да
10_2,"Большое спасибо. Тогда вам слово,",2,начало,Директивное,побудительная,согласие,да,нет,лексический повтор,"вам слово, добрый день, рада вас всех видеть",передача слова докладчику и приветствие,прямой,цепная,нет,нет,нет,организационная,открытие темы,да,да
10_3,"Ну и, собственно, можно теперь...",2,начало,Оценочное,повествовательная,"согласие, благодарность",да,нет,лексический повтор,"можно теперь, да-да-да, спасибо большое",подтверждение готовности продолжать,прямой,цепная,да,нет,нет,фатическая,открытие темы,да,да
10_4,А можно предыдущий слайд? Да.,4,начало,Информативное,вопросная,"ответ, пояснение",нет,нет,"вопрос-ответ, лексический повтор","модели 92-го и 90-го, исключительно модельные, механизмы имитации инноваций, я не искала специально",вопрос о модельных работах по каскадам и ответ об их иллюстративной роли,прямой,цепная,да,нет,нет,объяснительная,развитие темы,да,да
10_5,спасибо большое.,3,начало,Информативное,повествовательная,"ответ, пояснение",нет,нет,лексический повтор,"сотрудничество между компаниями, социологические опросы, международные стандарты, кластеризация",вопрос о методах выявления сотрудничества и ответ об опросах и кластеризации,прямой,цепная,да,нет,нет,объяснительная,развитие темы,да,да
10_6,"огромное, Оксана Ильинична, спасибо. Во-первых,",4,начало,Информативное,вопросная,"ответ, пояснение",нет,нет,вопрос-ответ,"обзор литературы, публикация, российские данные, порекомендовали бы что-то почитать, публикация с коллегой из Бразилии",вопрос о публикациях на основе обзора и ответ о планируемой статье и бразильском опыте,прямой,цепная,да,нет,нет,объяснительная,развитие темы,да,да
10_7,"Там нет, там можно каким-то,",3,начало,Обмен мнениями,повествовательная,ответ,нет,нет,лексический повтор,"данных о связях нет, коллабиться, готова к коллаборации",отсутствие данных о связях между российскими компаниями и предложение сотрудничества,прямой,цепная,да,нет,нет,обмен мнениями,развитие темы,да,да
10_8,"Последний отвечу. В общем, короче,",3,середина,Обмен мнениями,повествовательная,"ответ, согласие",да,нет,лексический повтор,"сетевая структура компании, связи, идеи, рада коллабиться, спасибо огромное, Самое время",приглашение к сотрудничеству по сетевым данным и призыв задавать вопросы,прямой,цепная,да,нет,нет,организационная,развитие темы,да,да
10_9,"Да, я... Спасибо. Оксана, спасибо",7,середина,Обмен мнениями,повествовательная,"ответ, пояснение, согласие",да,нет,"лексический повтор, частицы","пир эффекты, Signed Network, социальный капитал, индекс Бёрта, веб-скрепинг",обсуждение возможности использования signed networks и социального капитала для анализа пир-эффектов,прямой,цепная,да,нет,нет,обмен мнениями,развитие темы,да,да
10_10,"Да, спасибо большое. Действительно, такой",1,середина,Обмен мнениями,повествовательная,,да,нет,нет,"насыщенный, открытые вопросы, каналы перетока, один и тот же учредитель",комментарий о ценности доклада и примере выявления каналов перетока через общего учредителя,,,да,нет,нет,обмен мнениями,развитие темы,да,да
10_11,"Ну, Оксана, Илья, я здесь",10,середина,Обмен мнениями,повествовательная,"ответ, пояснение, согласие",да,нет,лексический повтор,"упираемся в данные, веб-скрепинг не даст полноценных данных, Spark чепуха, фонд Общественное мнение",обсуждение проблемы доступности и качества данных для исследований,прямой,цепная,да,нет,нет,обмен мнениями,развитие темы,да,да
10_12,"Коллеги, пожалуйста, еще вопросы. У",3,середина,Фатическое,повествовательная,благодарность,да,нет,лексический повтор,"еще много времени, спасибо, будем ждать вас, до свидания","завершение семинара, благодарность докладчику и прощание",прямой,цепная,да,нет,нет,фатическая,закрытие темы,да,нет
